{
    "model_name": "Random Forest",
    "train_metrics": {
        "accuracy": 0.9875283446712018,
        "precision": 0.9517241379310345,
        "recall": 0.971830985915493,
        "f1_score": 0.9616724738675958,
        "roc_auc": 0.997202131709174
    },
    "validation_metrics": {
        "accuracy": 0.8503401360544217,
        "precision": 0.5666666666666667,
        "recall": 0.3541666666666667,
        "f1_score": 0.4358974358974359,
        "roc_auc": 0.8050474254742548
    },
    "test_metrics": {
        "accuracy": 0.8537414965986394,
        "precision": 0.5588235294117647,
        "recall": 0.40425531914893614,
        "f1_score": 0.4691358024691358,
        "roc_auc": 0.7781893358601085
    },
    "evaluation_date": "2025-12-08 20:51:17"
}