{
    "model_name": "Random Forest",
    "train_metrics": {
        "accuracy": 0.9387755102040817,
        "precision": 0.7857142857142857,
        "recall": 0.852112676056338,
        "f1_score": 0.8175675675675675,
        "roc_auc": 0.9826227636086791
    },
    "validation_metrics": {
        "accuracy": 0.8367346938775511,
        "precision": 0.5,
        "recall": 0.4791666666666667,
        "f1_score": 0.48936170212765956,
        "roc_auc": 0.8020833333333334
    },
    "test_metrics": {
        "accuracy": 0.826530612244898,
        "precision": 0.46296296296296297,
        "recall": 0.5319148936170213,
        "f1_score": 0.49504950495049505,
        "roc_auc": 0.7696614695494874
    },
    "evaluation_date": "2025-12-08 21:05:21"
}