{
    "model_name": "Random Forest",
    "metrics": {
        "accuracy": 0.8367346938775511,
        "precision": 0.5,
        "recall": 0.4791666666666667,
        "f1_score": 0.48936170212765956,
        "roc_auc": 0.8020833333333334
    },
    "training_date": "2025-12-08 21:04:47"
}