{
    "accuracy": 0.8537414965986394,
    "precision": 0.6923076923076923,
    "recall": 0.1875,
    "f1_score": 0.29508196721311475,
    "roc_auc": 0.8003048780487805
}