{
    "accuracy": 0.8503401360544217,
    "precision": 0.5666666666666667,
    "recall": 0.3541666666666667,
    "f1_score": 0.4358974358974359,
    "roc_auc": 0.8050474254742548
}