{
    "accuracy": 0.8537414965986394,
    "precision": 0.6190476190476191,
    "recall": 0.2708333333333333,
    "f1_score": 0.37681159420289856,
    "roc_auc": 0.7876016260162602
}